"U:0","U:1","U:2","p","vtkValidPointMask","arc_length","Points:0","Points:1","Points:2"
0,0,0,-0.05026,1,0,0,0.05,0.005
-0.00022382,0.0015274,0,-0.0506,1,0.0001,0.0001,0.05,0.005
-0.00044764,0.0030548,0,-0.050939,1,0.0002,0.0002,0.05,0.005
-0.00067146,0.0045821,0,-0.051279,1,0.0003,0.0003,0.05,0.005
-0.00089528,0.0061095,0,-0.051619,1,0.0004,0.0004,0.05,0.005
-0.0011191,0.0076369,0,-0.051959,1,0.0005,0.0005,0.05,0.005
-0.0013429,0.0091643,0,-0.052299,1,0.0006,0.0006,0.05,0.005
-0.0015667,0.010692,0,-0.052638,1,0.0007,0.0007,0.05,0.005
-0.0017906,0.012219,0,-0.052978,1,0.0008,0.0008,0.05,0.005
-0.0020144,0.013746,0,-0.053318,1,0.0009,0.0009,0.05,0.005
-0.0022382,0.015274,0,-0.053658,1,0.001,0.001,0.05,0.005
-0.002462,0.016801,0,-0.053997,1,0.0011,0.0011,0.05,0.005
-0.0026858,0.018329,0,-0.054337,1,0.0012,0.0012,0.05,0.005
-0.0029097,0.019856,0,-0.054677,1,0.0013,0.0013,0.05,0.005
-0.0031335,0.021383,0,-0.055017,1,0.0014,0.0014,0.05,0.005
-0.0033573,0.022911,0,-0.055357,1,0.0015,0.0015,0.05,0.005
-0.0035811,0.024438,0,-0.055696,1,0.0016,0.0016,0.05,0.005
-0.0038049,0.025965,0,-0.056036,1,0.0017,0.0017,0.05,0.005
-0.0040288,0.027493,0,-0.056376,1,0.0018,0.0018,0.05,0.005
-0.0042526,0.02902,0,-0.056716,1,0.0019,0.0019,0.05,0.005
-0.0044764,0.030548,0,-0.057055,1,0.002,0.002,0.05,0.005
-0.0047002,0.032075,0,-0.057395,1,0.0021,0.0021,0.05,0.005
-0.004924,0.033602,0,-0.057735,1,0.0022,0.0022,0.05,0.005
-0.0051478,0.03513,0,-0.058075,1,0.0023,0.0023,0.05,0.005
-0.0053717,0.036657,0,-0.058415,1,0.0024,0.0024,0.05,0.005
-0.0055955,0.038184,0,-0.058754,1,0.0025,0.0025,0.05,0.005
-0.0058193,0.039712,0,-0.059094,1,0.0026,0.0026,0.05,0.005
-0.0060431,0.041239,0,-0.059434,1,0.0027,0.0027,0.05,0.005
-0.0062669,0.042767,0,-0.059774,1,0.0028,0.0028,0.05,0.005
-0.0064908,0.044294,0,-0.060113,1,0.0029,0.0029,0.05,0.005
-0.0067146,0.045821,0,-0.060453,1,0.003,0.003,0.05,0.005
-0.0069384,0.047349,0,-0.060793,1,0.0031,0.0031,0.05,0.005
-0.0071622,0.048876,0,-0.061133,1,0.0032,0.0032,0.05,0.005
-0.007386,0.050403,0,-0.061473,1,0.0033,0.0033,0.05,0.005
-0.0076099,0.051931,0,-0.061812,1,0.0034,0.0034,0.05,0.005
-0.0078337,0.053458,0,-0.062152,1,0.0035,0.0035,0.05,0.005
-0.0080575,0.054986,0,-0.062492,1,0.0036,0.0036,0.05,0.005
-0.0082813,0.056513,0,-0.062832,1,0.0037,0.0037,0.05,0.005
-0.0085051,0.05804,0,-0.063171,1,0.0038,0.0038,0.05,0.005
-0.008729,0.059568,0,-0.063511,1,0.0039,0.0039,0.05,0.005
-0.0089528,0.061095,0,-0.063851,1,0.004,0.004,0.05,0.005
-0.0091766,0.062622,0,-0.064191,1,0.0041,0.0041,0.05,0.005
-0.0094004,0.06415,0,-0.06453,1,0.0042,0.0042,0.05,0.005
-0.0096242,0.065677,0,-0.06487,1,0.0043,0.0043,0.05,0.005
-0.0098481,0.067205,0,-0.06521,1,0.0044,0.0044,0.05,0.005
-0.010072,0.068732,0,-0.06555,1,0.0045,0.0045,0.05,0.005
-0.010296,0.070259,0,-0.06589,1,0.0046,0.0046,0.05,0.005
-0.01052,0.071787,0,-0.066229,1,0.0047,0.0047,0.05,0.005
-0.010743,0.073314,0,-0.066569,1,0.0048,0.0048,0.05,0.005
-0.010967,0.074842,0,-0.066909,1,0.0049,0.0049,0.05,0.005
-0.011191,0.076369,0,-0.067249,1,0.005,0.005,0.05,0.005
-0.011618,0.077466,0,-0.067755,1,0.0051,0.0051,0.05,0.005
-0.012044,0.078563,0,-0.068261,1,0.0052,0.0052,0.05,0.005
-0.012471,0.079661,0,-0.068767,1,0.0053,0.0053,0.05,0.005
-0.012898,0.080758,0,-0.069273,1,0.0054,0.0054,0.05,0.005
-0.013324,0.081855,0,-0.06978,1,0.0055,0.0055,0.05,0.005
-0.013751,0.082953,0,-0.070286,1,0.0056,0.0056,0.05,0.005
-0.014178,0.08405,0,-0.070792,1,0.0057,0.0057,0.05,0.005
-0.014604,0.085147,0,-0.071298,1,0.0058,0.0058,0.05,0.005
-0.015031,0.086244,0,-0.071804,1,0.0059,0.0059,0.05,0.005
-0.015458,0.087342,0,-0.072311,1,0.006,0.006,0.05,0.005
-0.015884,0.088439,0,-0.072817,1,0.0061,0.0061,0.05,0.005
-0.016311,0.089536,0,-0.073323,1,0.0062,0.0062,0.05,0.005
-0.016738,0.090634,0,-0.073829,1,0.0063,0.0063,0.05,0.005
-0.017164,0.091731,0,-0.074335,1,0.0064,0.0064,0.05,0.005
-0.017591,0.092828,0,-0.074841,1,0.0065,0.0065,0.05,0.005
-0.018018,0.093925,0,-0.075348,1,0.0066,0.0066,0.05,0.005
-0.018445,0.095023,0,-0.075854,1,0.0067,0.0067,0.05,0.005
-0.018871,0.09612,0,-0.07636,1,0.0068,0.0068,0.05,0.005
-0.019298,0.097217,0,-0.076866,1,0.0069,0.0069,0.05,0.005
-0.019725,0.098315,0,-0.077372,1,0.007,0.007,0.05,0.005
-0.020151,0.099412,0,-0.077879,1,0.0071,0.0071,0.05,0.005
-0.020578,0.10051,0,-0.078385,1,0.0072,0.0072,0.05,0.005
-0.021005,0.10161,0,-0.078891,1,0.0073,0.0073,0.05,0.005
-0.021431,0.1027,0,-0.079397,1,0.0074,0.0074,0.05,0.005
-0.021858,0.1038,0,-0.079903,1,0.0075,0.0075,0.05,0.005
-0.022285,0.1049,0,-0.080409,1,0.0076,0.0076,0.05,0.005
-0.022711,0.106,0,-0.080916,1,0.0077,0.0077,0.05,0.005
-0.023138,0.10709,0,-0.081422,1,0.0078,0.0078,0.05,0.005
-0.023565,0.10819,0,-0.081928,1,0.0079,0.0079,0.05,0.005
-0.023991,0.10929,0,-0.082434,1,0.008,0.008,0.05,0.005
-0.024418,0.11038,0,-0.08294,1,0.0081,0.0081,0.05,0.005
-0.024845,0.11148,0,-0.083447,1,0.0082,0.0082,0.05,0.005
-0.025271,0.11258,0,-0.083953,1,0.0083,0.0083,0.05,0.005
-0.025698,0.11368,0,-0.084459,1,0.0084,0.0084,0.05,0.005
-0.026125,0.11477,0,-0.084965,1,0.0085,0.0085,0.05,0.005
-0.026551,0.11587,0,-0.085471,1,0.0086,0.0086,0.05,0.005
-0.026978,0.11697,0,-0.085977,1,0.0087,0.0087,0.05,0.005
-0.027405,0.11807,0,-0.086484,1,0.0088,0.0088,0.05,0.005
-0.027831,0.11916,0,-0.08699,1,0.0089,0.0089,0.05,0.005
-0.028258,0.12026,0,-0.087496,1,0.009,0.009,0.05,0.005
-0.028685,0.12136,0,-0.088002,1,0.0091,0.0091,0.05,0.005
-0.029111,0.12245,0,-0.088508,1,0.0092,0.0092,0.05,0.005
-0.029538,0.12355,0,-0.089015,1,0.0093,0.0093,0.05,0.005
-0.029965,0.12465,0,-0.089521,1,0.0094,0.0094,0.05,0.005
-0.030392,0.12575,0,-0.090027,1,0.0095,0.0095,0.05,0.005
-0.030818,0.12684,0,-0.090533,1,0.0096,0.0096,0.05,0.005
-0.031245,0.12794,0,-0.091039,1,0.0097,0.0097,0.05,0.005
-0.031672,0.12904,0,-0.091546,1,0.0098,0.0098,0.05,0.005
-0.032098,0.13014,0,-0.092052,1,0.0099,0.0099,0.05,0.005
-0.032525,0.13123,0,-0.092558,1,0.01,0.01,0.05,0.005
-0.033114,0.13189,0,-0.092758,1,0.0101,0.0101,0.05,0.005
-0.033702,0.13254,0,-0.092959,1,0.0102,0.0102,0.05,0.005
-0.034291,0.13319,0,-0.09316,1,0.0103,0.0103,0.05,0.005
-0.03488,0.13384,0,-0.09336,1,0.0104,0.0104,0.05,0.005
-0.035468,0.13449,0,-0.093561,1,0.0105,0.0105,0.05,0.005
-0.036057,0.13515,0,-0.093761,1,0.0106,0.0106,0.05,0.005
-0.036645,0.1358,0,-0.093962,1,0.0107,0.0107,0.05,0.005
-0.037234,0.13645,0,-0.094163,1,0.0108,0.0108,0.05,0.005
-0.037823,0.1371,0,-0.094363,1,0.0109,0.0109,0.05,0.005
-0.038411,0.13775,0,-0.094564,1,0.011,0.011,0.05,0.005
-0.039,0.13841,0,-0.094764,1,0.0111,0.0111,0.05,0.005
-0.039589,0.13906,0,-0.094965,1,0.0112,0.0112,0.05,0.005
-0.040177,0.13971,0,-0.095166,1,0.0113,0.0113,0.05,0.005
-0.040766,0.14036,0,-0.095366,1,0.0114,0.0114,0.05,0.005
-0.041355,0.14102,0,-0.095567,1,0.0115,0.0115,0.05,0.005
-0.041943,0.14167,0,-0.095767,1,0.0116,0.0116,0.05,0.005
-0.042532,0.14232,0,-0.095968,1,0.0117,0.0117,0.05,0.005
-0.043121,0.14297,0,-0.096169,1,0.0118,0.0118,0.05,0.005
-0.043709,0.14362,0,-0.096369,1,0.0119,0.0119,0.05,0.005
-0.044298,0.14428,0,-0.09657,1,0.012,0.012,0.05,0.005
-0.044887,0.14493,0,-0.09677,1,0.0121,0.0121,0.05,0.005
-0.045475,0.14558,0,-0.096971,1,0.0122,0.0122,0.05,0.005
-0.046064,0.14623,0,-0.097171,1,0.0123,0.0123,0.05,0.005
-0.046653,0.14688,0,-0.097372,1,0.0124,0.0124,0.05,0.005
-0.047241,0.14754,0,-0.097573,1,0.0125,0.0125,0.05,0.005
-0.04783,0.14819,0,-0.097773,1,0.0126,0.0126,0.05,0.005
-0.048419,0.14884,0,-0.097974,1,0.0127,0.0127,0.05,0.005
-0.049007,0.14949,0,-0.098174,1,0.0128,0.0128,0.05,0.005
-0.049596,0.15015,0,-0.098375,1,0.0129,0.0129,0.05,0.005
-0.050184,0.1508,0,-0.098576,1,0.013,0.013,0.05,0.005
-0.050773,0.15145,0,-0.098776,1,0.0131,0.0131,0.05,0.005
-0.051362,0.1521,0,-0.098977,1,0.0132,0.0132,0.05,0.005
-0.05195,0.15275,0,-0.099177,1,0.0133,0.0133,0.05,0.005
-0.052539,0.15341,0,-0.099378,1,0.0134,0.0134,0.05,0.005
-0.053128,0.15406,0,-0.099579,1,0.0135,0.0135,0.05,0.005
-0.053716,0.15471,0,-0.099779,1,0.0136,0.0136,0.05,0.005
-0.054305,0.15536,0,-0.09998,1,0.0137,0.0137,0.05,0.005
-0.054894,0.15602,0,-0.10018,1,0.0138,0.0138,0.05,0.005
-0.055482,0.15667,0,-0.10038,1,0.0139,0.0139,0.05,0.005
-0.056071,0.15732,0,-0.10058,1,0.014,0.014,0.05,0.005
-0.05666,0.15797,0,-0.10078,1,0.0141,0.0141,0.05,0.005
-0.057248,0.15862,0,-0.10098,1,0.0142,0.0142,0.05,0.005
-0.057837,0.15928,0,-0.10118,1,0.0143,0.0143,0.05,0.005
-0.058426,0.15993,0,-0.10138,1,0.0144,0.0144,0.05,0.005
-0.059014,0.16058,0,-0.10158,1,0.0145,0.0145,0.05,0.005
-0.059603,0.16123,0,-0.10179,1,0.0146,0.0146,0.05,0.005
-0.060192,0.16188,0,-0.10199,1,0.0147,0.0147,0.05,0.005
-0.06078,0.16254,0,-0.10219,1,0.0148,0.0148,0.05,0.005
-0.061369,0.16319,0,-0.10239,1,0.0149,0.0149,0.05,0.005
-0.061958,0.16384,0,-0.10259,1,0.015,0.015,0.05,0.005
-0.062582,0.16409,0,-0.10258,1,0.0151,0.0151,0.05,0.005
-0.063206,0.16434,0,-0.10257,1,0.0152,0.0152,0.05,0.005
-0.06383,0.16458,0,-0.10256,1,0.0153,0.0153,0.05,0.005
-0.064454,0.16483,0,-0.10255,1,0.0154,0.0154,0.05,0.005
-0.065078,0.16508,0,-0.10254,1,0.0155,0.0155,0.05,0.005
-0.065702,0.16533,0,-0.10253,1,0.0156,0.0156,0.05,0.005
-0.066326,0.16557,0,-0.10252,1,0.0157,0.0157,0.05,0.005
-0.066951,0.16582,0,-0.10251,1,0.0158,0.0158,0.05,0.005
-0.067575,0.16607,0,-0.10251,1,0.0159,0.0159,0.05,0.005
-0.068199,0.16632,0,-0.1025,1,0.016,0.016,0.05,0.005
-0.068823,0.16656,0,-0.10249,1,0.0161,0.0161,0.05,0.005
-0.069447,0.16681,0,-0.10248,1,0.0162,0.0162,0.05,0.005
-0.070071,0.16706,0,-0.10247,1,0.0163,0.0163,0.05,0.005
-0.070695,0.16731,0,-0.10246,1,0.0164,0.0164,0.05,0.005
-0.071319,0.16755,0,-0.10245,1,0.0165,0.0165,0.05,0.005
-0.071944,0.1678,0,-0.10244,1,0.0166,0.0166,0.05,0.005
-0.072568,0.16805,0,-0.10243,1,0.0167,0.0167,0.05,0.005
-0.073192,0.1683,0,-0.10242,1,0.0168,0.0168,0.05,0.005
-0.073816,0.16855,0,-0.10241,1,0.0169,0.0169,0.05,0.005
-0.07444,0.16879,0,-0.1024,1,0.017,0.017,0.05,0.005
-0.075064,0.16904,0,-0.1024,1,0.0171,0.0171,0.05,0.005
-0.075688,0.16929,0,-0.10239,1,0.0172,0.0172,0.05,0.005
-0.076312,0.16954,0,-0.10238,1,0.0173,0.0173,0.05,0.005
-0.076937,0.16978,0,-0.10237,1,0.0174,0.0174,0.05,0.005
-0.077561,0.17003,0,-0.10236,1,0.0175,0.0175,0.05,0.005
-0.078185,0.17028,0,-0.10235,1,0.0176,0.0176,0.05,0.005
-0.078809,0.17053,0,-0.10234,1,0.0177,0.0177,0.05,0.005
-0.079433,0.17077,0,-0.10233,1,0.0178,0.0178,0.05,0.005
-0.080057,0.17102,0,-0.10232,1,0.0179,0.0179,0.05,0.005
-0.080681,0.17127,0,-0.10231,1,0.018,0.018,0.05,0.005
-0.081305,0.17152,0,-0.1023,1,0.0181,0.0181,0.05,0.005
-0.08193,0.17176,0,-0.1023,1,0.0182,0.0182,0.05,0.005
-0.082554,0.17201,0,-0.10229,1,0.0183,0.0183,0.05,0.005
-0.083178,0.17226,0,-0.10228,1,0.0184,0.0184,0.05,0.005
-0.083802,0.17251,0,-0.10227,1,0.0185,0.0185,0.05,0.005
-0.084426,0.17275,0,-0.10226,1,0.0186,0.0186,0.05,0.005
-0.08505,0.173,0,-0.10225,1,0.0187,0.0187,0.05,0.005
-0.085674,0.17325,0,-0.10224,1,0.0188,0.0188,0.05,0.005
-0.086298,0.1735,0,-0.10223,1,0.0189,0.0189,0.05,0.005
-0.086923,0.17374,0,-0.10222,1,0.019,0.019,0.05,0.005
-0.087547,0.17399,0,-0.10221,1,0.0191,0.0191,0.05,0.005
-0.088171,0.17424,0,-0.1022,1,0.0192,0.0192,0.05,0.005
-0.088795,0.17449,0,-0.10219,1,0.0193,0.0193,0.05,0.005
-0.089419,0.17473,0,-0.10219,1,0.0194,0.0194,0.05,0.005
-0.090043,0.17498,0,-0.10218,1,0.0195,0.0195,0.05,0.005
-0.090667,0.17523,0,-0.10217,1,0.0196,0.0196,0.05,0.005
-0.091292,0.17548,0,-0.10216,1,0.0197,0.0197,0.05,0.005
-0.091916,0.17573,0,-0.10215,1,0.0198,0.0198,0.05,0.005
-0.09254,0.17597,0,-0.10214,1,0.0199,0.0199,0.05,0.005
-0.093164,0.17622,0,-0.10213,1,0.02,0.02,0.05,0.005
-0.093751,0.17613,0,-0.10198,1,0.0201,0.0201,0.05,0.005
-0.094337,0.17604,0,-0.10184,1,0.0202,0.0202,0.05,0.005
-0.094924,0.17595,0,-0.10169,1,0.0203,0.0203,0.05,0.005
-0.095511,0.17586,0,-0.10154,1,0.0204,0.0204,0.05,0.005
-0.096097,0.17577,0,-0.1014,1,0.0205,0.0205,0.05,0.005
-0.096684,0.17568,0,-0.10125,1,0.0206,0.0206,0.05,0.005
-0.097271,0.17559,0,-0.1011,1,0.0207,0.0207,0.05,0.005
-0.097857,0.1755,0,-0.10096,1,0.0208,0.0208,0.05,0.005
-0.098444,0.1754,0,-0.10081,1,0.0209,0.0209,0.05,0.005
-0.099031,0.17531,0,-0.10066,1,0.021,0.021,0.05,0.005
-0.099617,0.17522,0,-0.10051,1,0.0211,0.0211,0.05,0.005
-0.1002,0.17513,0,-0.10037,1,0.0212,0.0212,0.05,0.005
-0.10079,0.17504,0,-0.10022,1,0.0213,0.0213,0.05,0.005
-0.10138,0.17495,0,-0.10007,1,0.0214,0.0214,0.05,0.005
-0.10196,0.17486,0,-0.099926,1,0.0215,0.0215,0.05,0.005
-0.10255,0.17477,0,-0.099779,1,0.0216,0.0216,0.05,0.005
-0.10314,0.17468,0,-0.099633,1,0.0217,0.0217,0.05,0.005
-0.10372,0.17459,0,-0.099486,1,0.0218,0.0218,0.05,0.005
-0.10431,0.1745,0,-0.099339,1,0.0219,0.0219,0.05,0.005
-0.1049,0.17441,0,-0.099192,1,0.022,0.022,0.05,0.005
-0.10548,0.17432,0,-0.099045,1,0.0221,0.0221,0.05,0.005
-0.10607,0.17423,0,-0.098898,1,0.0222,0.0222,0.05,0.005
-0.10666,0.17414,0,-0.098751,1,0.0223,0.0223,0.05,0.005
-0.10724,0.17405,0,-0.098604,1,0.0224,0.0224,0.05,0.005
-0.10783,0.17395,0,-0.098457,1,0.0225,0.0225,0.05,0.005
-0.10842,0.17386,0,-0.09831,1,0.0226,0.0226,0.05,0.005
-0.109,0.17377,0,-0.098163,1,0.0227,0.0227,0.05,0.005
-0.10959,0.17368,0,-0.098016,1,0.0228,0.0228,0.05,0.005
-0.11018,0.17359,0,-0.097869,1,0.0229,0.0229,0.05,0.005
-0.11076,0.1735,0,-0.097722,1,0.023,0.023,0.05,0.005
-0.11135,0.17341,0,-0.097575,1,0.0231,0.0231,0.05,0.005
-0.11194,0.17332,0,-0.097428,1,0.0232,0.0232,0.05,0.005
-0.11252,0.17323,0,-0.097281,1,0.0233,0.0233,0.05,0.005
-0.11311,0.17314,0,-0.097134,1,0.0234,0.0234,0.05,0.005
-0.1137,0.17305,0,-0.096987,1,0.0235,0.0235,0.05,0.005
-0.11428,0.17296,0,-0.09684,1,0.0236,0.0236,0.05,0.005
-0.11487,0.17287,0,-0.096693,1,0.0237,0.0237,0.05,0.005
-0.11546,0.17278,0,-0.096546,1,0.0238,0.0238,0.05,0.005
-0.11604,0.17269,0,-0.096399,1,0.0239,0.0239,0.05,0.005
-0.11663,0.1726,0,-0.096252,1,0.024,0.024,0.05,0.005
-0.11722,0.17251,0,-0.096105,1,0.0241,0.0241,0.05,0.005
-0.1178,0.17241,0,-0.095958,1,0.0242,0.0242,0.05,0.005
-0.11839,0.17232,0,-0.095811,1,0.0243,0.0243,0.05,0.005
-0.11898,0.17223,0,-0.095664,1,0.0244,0.0244,0.05,0.005
-0.11956,0.17214,0,-0.095518,1,0.0245,0.0245,0.05,0.005
-0.12015,0.17205,0,-0.095371,1,0.0246,0.0246,0.05,0.005
-0.12074,0.17196,0,-0.095224,1,0.0247,0.0247,0.05,0.005
-0.12132,0.17187,0,-0.095077,1,0.0248,0.0248,0.05,0.005
-0.12191,0.17178,0,-0.09493,1,0.0249,0.0249,0.05,0.005
-0.1225,0.17169,0,-0.094783,1,0.025,0.025,0.05,0.005
-0.12301,0.17133,0,-0.094527,1,0.0251,0.0251,0.05,0.005
-0.12352,0.17097,0,-0.09427,1,0.0252,0.0252,0.05,0.005
-0.12403,0.17062,0,-0.094014,1,0.0253,0.0253,0.05,0.005
-0.12454,0.17026,0,-0.093758,1,0.0254,0.0254,0.05,0.005
-0.12505,0.1699,0,-0.093502,1,0.0255,0.0255,0.05,0.005
-0.12556,0.16954,0,-0.093246,1,0.0256,0.0256,0.05,0.005
-0.12608,0.16918,0,-0.092989,1,0.0257,0.0257,0.05,0.005
-0.12659,0.16883,0,-0.092733,1,0.0258,0.0258,0.05,0.005
-0.1271,0.16847,0,-0.092477,1,0.0259,0.0259,0.05,0.005
-0.12761,0.16811,0,-0.092221,1,0.026,0.026,0.05,0.005
-0.12812,0.16775,0,-0.091965,1,0.0261,0.0261,0.05,0.005
-0.12863,0.16739,0,-0.091709,1,0.0262,0.0262,0.05,0.005
-0.12914,0.16704,0,-0.091452,1,0.0263,0.0263,0.05,0.005
-0.12965,0.16668,0,-0.091196,1,0.0264,0.0264,0.05,0.005
-0.13017,0.16632,0,-0.09094,1,0.0265,0.0265,0.05,0.005
-0.13068,0.16596,0,-0.090684,1,0.0266,0.0266,0.05,0.005
-0.13119,0.1656,0,-0.090428,1,0.0267,0.0267,0.05,0.005
-0.1317,0.16525,0,-0.090171,1,0.0268,0.0268,0.05,0.005
-0.13221,0.16489,0,-0.089915,1,0.0269,0.0269,0.05,0.005
-0.13272,0.16453,0,-0.089659,1,0.027,0.027,0.05,0.005
-0.13323,0.16417,0,-0.089403,1,0.0271,0.0271,0.05,0.005
-0.13374,0.16381,0,-0.089147,1,0.0272,0.0272,0.05,0.005
-0.13425,0.16345,0,-0.088891,1,0.0273,0.0273,0.05,0.005
-0.13477,0.1631,0,-0.088634,1,0.0274,0.0274,0.05,0.005
-0.13528,0.16274,0,-0.088378,1,0.0275,0.0275,0.05,0.005
-0.13579,0.16238,0,-0.088122,1,0.0276,0.0276,0.05,0.005
-0.1363,0.16202,0,-0.087866,1,0.0277,0.0277,0.05,0.005
-0.13681,0.16166,0,-0.08761,1,0.0278,0.0278,0.05,0.005
-0.13732,0.16131,0,-0.087353,1,0.0279,0.0279,0.05,0.005
-0.13783,0.16095,0,-0.087097,1,0.028,0.028,0.05,0.005
-0.13834,0.16059,0,-0.086841,1,0.0281,0.0281,0.05,0.005
-0.13886,0.16023,0,-0.086585,1,0.0282,0.0282,0.05,0.005
-0.13937,0.15987,0,-0.086329,1,0.0283,0.0283,0.05,0.005
-0.13988,0.15952,0,-0.086072,1,0.0284,0.0284,0.05,0.005
-0.14039,0.15916,0,-0.085816,1,0.0285,0.0285,0.05,0.005
-0.1409,0.1588,0,-0.08556,1,0.0286,0.0286,0.05,0.005
-0.14141,0.15844,0,-0.085304,1,0.0287,0.0287,0.05,0.005
-0.14192,0.15808,0,-0.085048,1,0.0288,0.0288,0.05,0.005
-0.14243,0.15773,0,-0.084792,1,0.0289,0.0289,0.05,0.005
-0.14294,0.15737,0,-0.084535,1,0.029,0.029,0.05,0.005
-0.14346,0.15701,0,-0.084279,1,0.0291,0.0291,0.05,0.005
-0.14397,0.15665,0,-0.084023,1,0.0292,0.0292,0.05,0.005
-0.14448,0.15629,0,-0.083767,1,0.0293,0.0293,0.05,0.005
-0.14499,0.15594,0,-0.083511,1,0.0294,0.0294,0.05,0.005
-0.1455,0.15558,0,-0.083254,1,0.0295,0.0295,0.05,0.005
-0.14601,0.15522,0,-0.082998,1,0.0296,0.0296,0.05,0.005
-0.14652,0.15486,0,-0.082742,1,0.0297,0.0297,0.05,0.005
-0.14703,0.1545,0,-0.082486,1,0.0298,0.0298,0.05,0.005
-0.14755,0.15415,0,-0.08223,1,0.0299,0.0299,0.05,0.005
-0.14806,0.15379,0,-0.081974,1,0.03,0.03,0.05,0.005
-0.14847,0.15323,0,-0.081629,1,0.0301,0.0301,0.05,0.005
-0.14889,0.15267,0,-0.081285,1,0.0302,0.0302,0.05,0.005
-0.1493,0.15211,0,-0.080941,1,0.0303,0.0303,0.05,0.005
-0.14972,0.15155,0,-0.080597,1,0.0304,0.0304,0.05,0.005
-0.15014,0.15099,0,-0.080252,1,0.0305,0.0305,0.05,0.005
-0.15055,0.15043,0,-0.079908,1,0.0306,0.0306,0.05,0.005
-0.15097,0.14987,0,-0.079564,1,0.0307,0.0307,0.05,0.005
-0.15138,0.14931,0,-0.07922,1,0.0308,0.0308,0.05,0.005
-0.1518,0.14875,0,-0.078876,1,0.0309,0.0309,0.05,0.005
-0.15222,0.14819,0,-0.078531,1,0.031,0.031,0.05,0.005
-0.15263,0.14763,0,-0.078187,1,0.0311,0.0311,0.05,0.005
-0.15305,0.14706,0,-0.077843,1,0.0312,0.0312,0.05,0.005
-0.15346,0.1465,0,-0.077499,1,0.0313,0.0313,0.05,0.005
-0.15388,0.14594,0,-0.077155,1,0.0314,0.0314,0.05,0.005
-0.1543,0.14538,0,-0.07681,1,0.0315,0.0315,0.05,0.005
-0.15471,0.14482,0,-0.076466,1,0.0316,0.0316,0.05,0.005
-0.15513,0.14426,0,-0.076122,1,0.0317,0.0317,0.05,0.005
-0.15555,0.1437,0,-0.075778,1,0.0318,0.0318,0.05,0.005
-0.15596,0.14314,0,-0.075434,1,0.0319,0.0319,0.05,0.005
-0.15638,0.14258,0,-0.075089,1,0.032,0.032,0.05,0.005
-0.15679,0.14202,0,-0.074745,1,0.0321,0.0321,0.05,0.005
-0.15721,0.14146,0,-0.074401,1,0.0322,0.0322,0.05,0.005
-0.15763,0.1409,0,-0.074057,1,0.0323,0.0323,0.05,0.005
-0.15804,0.14034,0,-0.073712,1,0.0324,0.0324,0.05,0.005
-0.15846,0.13978,0,-0.073368,1,0.0325,0.0325,0.05,0.005
-0.15887,0.13922,0,-0.073024,1,0.0326,0.0326,0.05,0.005
-0.15929,0.13866,0,-0.07268,1,0.0327,0.0327,0.05,0.005
-0.15971,0.1381,0,-0.072336,1,0.0328,0.0328,0.05,0.005
-0.16012,0.13754,0,-0.071991,1,0.0329,0.0329,0.05,0.005
-0.16054,0.13698,0,-0.071647,1,0.033,0.033,0.05,0.005
-0.16095,0.13642,0,-0.071303,1,0.0331,0.0331,0.05,0.005
-0.16137,0.13586,0,-0.070959,1,0.0332,0.0332,0.05,0.005
-0.16179,0.1353,0,-0.070615,1,0.0333,0.0333,0.05,0.005
-0.1622,0.13474,0,-0.07027,1,0.0334,0.0334,0.05,0.005
-0.16262,0.13418,0,-0.069926,1,0.0335,0.0335,0.05,0.005
-0.16303,0.13362,0,-0.069582,1,0.0336,0.0336,0.05,0.005
-0.16345,0.13306,0,-0.069238,1,0.0337,0.0337,0.05,0.005
-0.16387,0.1325,0,-0.068893,1,0.0338,0.0338,0.05,0.005
-0.16428,0.13194,0,-0.068549,1,0.0339,0.0339,0.05,0.005
-0.1647,0.13138,0,-0.068205,1,0.034,0.034,0.05,0.005
-0.16511,0.13082,0,-0.067861,1,0.0341,0.0341,0.05,0.005
-0.16553,0.13026,0,-0.067517,1,0.0342,0.0342,0.05,0.005
-0.16595,0.1297,0,-0.067172,1,0.0343,0.0343,0.05,0.005
-0.16636,0.12914,0,-0.066828,1,0.0344,0.0344,0.05,0.005
-0.16678,0.12858,0,-0.066484,1,0.0345,0.0345,0.05,0.005
-0.16719,0.12802,0,-0.06614,1,0.0346,0.0346,0.05,0.005
-0.16761,0.12745,0,-0.065796,1,0.0347,0.0347,0.05,0.005
-0.16803,0.12689,0,-0.065451,1,0.0348,0.0348,0.05,0.005
-0.16844,0.12633,0,-0.065107,1,0.0349,0.0349,0.05,0.005
-0.16886,0.12577,0,-0.064763,1,0.035,0.035,0.05,0.005
-0.16917,0.12507,0,-0.064347,1,0.0351,0.0351,0.05,0.005
-0.16948,0.12436,0,-0.063932,1,0.0352,0.0352,0.05,0.005
-0.1698,0.12365,0,-0.063516,1,0.0353,0.0353,0.05,0.005
-0.17011,0.12295,0,-0.063101,1,0.0354,0.0354,0.05,0.005
-0.17042,0.12224,0,-0.062685,1,0.0355,0.0355,0.05,0.005
-0.17074,0.12153,0,-0.06227,1,0.0356,0.0356,0.05,0.005
-0.17105,0.12083,0,-0.061854,1,0.0357,0.0357,0.05,0.005
-0.17136,0.12012,0,-0.061438,1,0.0358,0.0358,0.05,0.005
-0.17167,0.11941,0,-0.061023,1,0.0359,0.0359,0.05,0.005
-0.17199,0.11871,0,-0.060607,1,0.036,0.036,0.05,0.005
-0.1723,0.118,0,-0.060192,1,0.0361,0.0361,0.05,0.005
-0.17261,0.11729,0,-0.059776,1,0.0362,0.0362,0.05,0.005
-0.17293,0.11659,0,-0.059361,1,0.0363,0.0363,0.05,0.005
-0.17324,0.11588,0,-0.058945,1,0.0364,0.0364,0.05,0.005
-0.17355,0.11517,0,-0.05853,1,0.0365,0.0365,0.05,0.005
-0.17386,0.11446,0,-0.058114,1,0.0366,0.0366,0.05,0.005
-0.17418,0.11376,0,-0.057698,1,0.0367,0.0367,0.05,0.005
-0.17449,0.11305,0,-0.057283,1,0.0368,0.0368,0.05,0.005
-0.1748,0.11234,0,-0.056867,1,0.0369,0.0369,0.05,0.005
-0.17512,0.11164,0,-0.056452,1,0.037,0.037,0.05,0.005
-0.17543,0.11093,0,-0.056036,1,0.0371,0.0371,0.05,0.005
-0.17574,0.11022,0,-0.055621,1,0.0372,0.0372,0.05,0.005
-0.17605,0.10952,0,-0.055205,1,0.0373,0.0373,0.05,0.005
-0.17637,0.10881,0,-0.05479,1,0.0374,0.0374,0.05,0.005
-0.17668,0.1081,0,-0.054374,1,0.0375,0.0375,0.05,0.005
-0.17699,0.1074,0,-0.053958,1,0.0376,0.0376,0.05,0.005
-0.17731,0.10669,0,-0.053543,1,0.0377,0.0377,0.05,0.005
-0.17762,0.10598,0,-0.053127,1,0.0378,0.0378,0.05,0.005
-0.17793,0.10528,0,-0.052712,1,0.0379,0.0379,0.05,0.005
-0.17824,0.10457,0,-0.052296,1,0.038,0.038,0.05,0.005
-0.17856,0.10386,0,-0.051881,1,0.0381,0.0381,0.05,0.005
-0.17887,0.10316,0,-0.051465,1,0.0382,0.0382,0.05,0.005
-0.17918,0.10245,0,-0.05105,1,0.0383,0.0383,0.05,0.005
-0.1795,0.10174,0,-0.050634,1,0.0384,0.0384,0.05,0.005
-0.17981,0.10104,0,-0.050219,1,0.0385,0.0385,0.05,0.005
-0.18012,0.10033,0,-0.049803,1,0.0386,0.0386,0.05,0.005
-0.18043,0.099622,0,-0.049387,1,0.0387,0.0387,0.05,0.005
-0.18075,0.098915,0,-0.048972,1,0.0388,0.0388,0.05,0.005
-0.18106,0.098208,0,-0.048556,1,0.0389,0.0389,0.05,0.005
-0.18137,0.097501,0,-0.048141,1,0.039,0.039,0.05,0.005
-0.18168,0.096794,0,-0.047725,1,0.0391,0.0391,0.05,0.005
-0.182,0.096088,0,-0.04731,1,0.0392,0.0392,0.05,0.005
-0.18231,0.095381,0,-0.046894,1,0.0393,0.0393,0.05,0.005
-0.18262,0.094674,0,-0.046479,1,0.0394,0.0394,0.05,0.005
-0.18294,0.093967,0,-0.046063,1,0.0395,0.0395,0.05,0.005
-0.18325,0.09326,0,-0.045647,1,0.0396,0.0396,0.05,0.005
-0.18356,0.092553,0,-0.045232,1,0.0397,0.0397,0.05,0.005
-0.18387,0.091847,0,-0.044816,1,0.0398,0.0398,0.05,0.005
-0.18419,0.09114,0,-0.044401,1,0.0399,0.0399,0.05,0.005
-0.1845,0.090433,0,-0.043985,1,0.04,0.04,0.05,0.005
-0.18471,0.089626,0,-0.043511,1,0.0401,0.0401,0.05,0.005
-0.18491,0.088819,0,-0.043037,1,0.0402,0.0402,0.05,0.005
-0.18512,0.088013,0,-0.042562,1,0.0403,0.0403,0.05,0.005
-0.18533,0.087206,0,-0.042088,1,0.0404,0.0404,0.05,0.005
-0.18554,0.086399,0,-0.041613,1,0.0405,0.0405,0.05,0.005
-0.18574,0.085592,0,-0.041139,1,0.0406,0.0406,0.05,0.005
-0.18595,0.084786,0,-0.040665,1,0.0407,0.0407,0.05,0.005
-0.18616,0.083979,0,-0.04019,1,0.0408,0.0408,0.05,0.005
-0.18637,0.083172,0,-0.039716,1,0.0409,0.0409,0.05,0.005
-0.18657,0.082365,0,-0.039242,1,0.041,0.041,0.05,0.005
-0.18678,0.081559,0,-0.038767,1,0.0411,0.0411,0.05,0.005
-0.18699,0.080752,0,-0.038293,1,0.0412,0.0412,0.05,0.005
-0.18719,0.079945,0,-0.037819,1,0.0413,0.0413,0.05,0.005
-0.1874,0.079138,0,-0.037344,1,0.0414,0.0414,0.05,0.005
-0.18761,0.078332,0,-0.03687,1,0.0415,0.0415,0.05,0.005
-0.18782,0.077525,0,-0.036396,1,0.0416,0.0416,0.05,0.005
-0.18802,0.076718,0,-0.035921,1,0.0417,0.0417,0.05,0.005
-0.18823,0.075911,0,-0.035447,1,0.0418,0.0418,0.05,0.005
-0.18844,0.075104,0,-0.034973,1,0.0419,0.0419,0.05,0.005
-0.18864,0.074298,0,-0.034498,1,0.042,0.042,0.05,0.005
-0.18885,0.073491,0,-0.034024,1,0.0421,0.0421,0.05,0.005
-0.18906,0.072684,0,-0.03355,1,0.0422,0.0422,0.05,0.005
-0.18927,0.071877,0,-0.033075,1,0.0423,0.0423,0.05,0.005
-0.18947,0.071071,0,-0.032601,1,0.0424,0.0424,0.05,0.005
-0.18968,0.070264,0,-0.032126,1,0.0425,0.0425,0.05,0.005
-0.18989,0.069457,0,-0.031652,1,0.0426,0.0426,0.05,0.005
-0.19009,0.06865,0,-0.031178,1,0.0427,0.0427,0.05,0.005
-0.1903,0.067844,0,-0.030703,1,0.0428,0.0428,0.05,0.005
-0.19051,0.067037,0,-0.030229,1,0.0429,0.0429,0.05,0.005
-0.19072,0.06623,0,-0.029755,1,0.043,0.043,0.05,0.005
-0.19092,0.065423,0,-0.02928,1,0.0431,0.0431,0.05,0.005
-0.19113,0.064617,0,-0.028806,1,0.0432,0.0432,0.05,0.005
-0.19134,0.06381,0,-0.028332,1,0.0433,0.0433,0.05,0.005
-0.19155,0.063003,0,-0.027857,1,0.0434,0.0434,0.05,0.005
-0.19175,0.062196,0,-0.027383,1,0.0435,0.0435,0.05,0.005
-0.19196,0.06139,0,-0.026909,1,0.0436,0.0436,0.05,0.005
-0.19217,0.060583,0,-0.026434,1,0.0437,0.0437,0.05,0.005
-0.19237,0.059776,0,-0.02596,1,0.0438,0.0438,0.05,0.005
-0.19258,0.058969,0,-0.025486,1,0.0439,0.0439,0.05,0.005
-0.19279,0.058162,0,-0.025011,1,0.044,0.044,0.05,0.005
-0.193,0.057356,0,-0.024537,1,0.0441,0.0441,0.05,0.005
-0.1932,0.056549,0,-0.024063,1,0.0442,0.0442,0.05,0.005
-0.19341,0.055742,0,-0.023588,1,0.0443,0.0443,0.05,0.005
-0.19362,0.054935,0,-0.023114,1,0.0444,0.0444,0.05,0.005
-0.19382,0.054129,0,-0.02264,1,0.0445,0.0445,0.05,0.005
-0.19403,0.053322,0,-0.022165,1,0.0446,0.0446,0.05,0.005
-0.19424,0.052515,0,-0.021691,1,0.0447,0.0447,0.05,0.005
-0.19445,0.051708,0,-0.021216,1,0.0448,0.0448,0.05,0.005
-0.19465,0.050902,0,-0.020742,1,0.0449,0.0449,0.05,0.005
-0.19486,0.050095,0,-0.020268,1,0.045,0.045,0.05,0.005
-0.19496,0.049229,0,-0.019746,1,0.0451,0.0451,0.05,0.005
-0.19506,0.048362,0,-0.019224,1,0.0452,0.0452,0.05,0.005
-0.19516,0.047496,0,-0.018703,1,0.0453,0.0453,0.05,0.005
-0.19526,0.046629,0,-0.018181,1,0.0454,0.0454,0.05,0.005
-0.19536,0.045763,0,-0.017659,1,0.0455,0.0455,0.05,0.005
-0.19546,0.044897,0,-0.017138,1,0.0456,0.0456,0.05,0.005
-0.19556,0.04403,0,-0.016616,1,0.0457,0.0457,0.05,0.005
-0.19566,0.043164,0,-0.016094,1,0.0458,0.0458,0.05,0.005
-0.19576,0.042298,0,-0.015573,1,0.0459,0.0459,0.05,0.005
-0.19586,0.041431,0,-0.015051,1,0.046,0.046,0.05,0.005
-0.19596,0.040565,0,-0.014529,1,0.0461,0.0461,0.05,0.005
-0.19606,0.039699,0,-0.014007,1,0.0462,0.0462,0.05,0.005
-0.19616,0.038832,0,-0.013486,1,0.0463,0.0463,0.05,0.005
-0.19626,0.037966,0,-0.012964,1,0.0464,0.0464,0.05,0.005
-0.19636,0.0371,0,-0.012442,1,0.0465,0.0465,0.05,0.005
-0.19646,0.036233,0,-0.011921,1,0.0466,0.0466,0.05,0.005
-0.19656,0.035367,0,-0.011399,1,0.0467,0.0467,0.05,0.005
-0.19666,0.034501,0,-0.010877,1,0.0468,0.0468,0.05,0.005
-0.19676,0.033634,0,-0.010356,1,0.0469,0.0469,0.05,0.005
-0.19686,0.032768,0,-0.0098338,1,0.047,0.047,0.05,0.005
-0.19696,0.031902,0,-0.0093121,1,0.0471,0.0471,0.05,0.005
-0.19706,0.031035,0,-0.0087904,1,0.0472,0.0472,0.05,0.005
-0.19716,0.030169,0,-0.0082687,1,0.0473,0.0473,0.05,0.005
-0.19726,0.029303,0,-0.007747,1,0.0474,0.0474,0.05,0.005
-0.19736,0.028436,0,-0.0072253,1,0.0475,0.0475,0.05,0.005
-0.19746,0.02757,0,-0.0067036,1,0.0476,0.0476,0.05,0.005
-0.19756,0.026704,0,-0.0061819,1,0.0477,0.0477,0.05,0.005
-0.19766,0.025837,0,-0.0056602,1,0.0478,0.0478,0.05,0.005
-0.19776,0.024971,0,-0.0051386,1,0.0479,0.0479,0.05,0.005
-0.19786,0.024105,0,-0.0046168,1,0.048,0.048,0.05,0.005
-0.19796,0.023238,0,-0.0040952,1,0.0481,0.0481,0.05,0.005
-0.19806,0.022372,0,-0.0035735,1,0.0482,0.0482,0.05,0.005
-0.19817,0.021506,0,-0.0030517,1,0.0483,0.0483,0.05,0.005
-0.19827,0.020639,0,-0.0025301,1,0.0484,0.0484,0.05,0.005
-0.19837,0.019773,0,-0.0020084,1,0.0485,0.0485,0.05,0.005
-0.19847,0.018907,0,-0.0014867,1,0.0486,0.0486,0.05,0.005
-0.19857,0.01804,0,-0.00096496,1,0.0487,0.0487,0.05,0.005
-0.19867,0.017174,0,-0.00044327,1,0.0488,0.0488,0.05,0.005
-0.19877,0.016308,0,7.8438e-05,1,0.0489,0.0489,0.05,0.005
-0.19887,0.015441,0,0.00060013,1,0.049,0.049,0.05,0.005
-0.19897,0.014575,0,0.0011218,1,0.0491,0.0491,0.05,0.005
-0.19907,0.013709,0,0.0016435,1,0.0492,0.0492,0.05,0.005
-0.19917,0.012842,0,0.0021652,1,0.0493,0.0493,0.05,0.005
-0.19927,0.011976,0,0.0026869,1,0.0494,0.0494,0.05,0.005
-0.19937,0.01111,0,0.0032086,1,0.0495,0.0495,0.05,0.005
-0.19947,0.010243,0,0.0037303,1,0.0496,0.0496,0.05,0.005
-0.19957,0.0093769,0,0.004252,1,0.0497,0.0497,0.05,0.005
-0.19967,0.0085106,0,0.0047737,1,0.0498,0.0498,0.05,0.005
-0.19977,0.0076442,0,0.0052954,1,0.0499,0.0499,0.05,0.005
-0.19987,0.0067779,0,0.0058171,1,0.05,0.05,0.05,0.005
-0.19986,0.0058905,0,0.0063726,1,0.0501,0.0501,0.05,0.005
-0.19985,0.005003,0,0.0069282,1,0.0502,0.0502,0.05,0.005
-0.19984,0.0041156,0,0.0074837,1,0.0503,0.0503,0.05,0.005
-0.19983,0.0032282,0,0.0080392,1,0.0504,0.0504,0.05,0.005
-0.19982,0.0023408,0,0.0085948,1,0.0505,0.0505,0.05,0.005
-0.19981,0.0014534,0,0.0091503,1,0.0506,0.0506,0.05,0.005
-0.1998,0.00056595,0,0.0097058,1,0.0507,0.0507,0.05,0.005
-0.19979,-0.00032145,0,0.010261,1,0.0508,0.0508,0.05,0.005
-0.19978,-0.0012089,0,0.010817,1,0.0509,0.0509,0.05,0.005
-0.19977,-0.0020963,0,0.011372,1,0.051,0.051,0.05,0.005
-0.19976,-0.0029837,0,0.011928,1,0.0511,0.0511,0.05,0.005
-0.19975,-0.0038711,0,0.012483,1,0.0512,0.0512,0.05,0.005
-0.19974,-0.0047585,0,0.013039,1,0.0513,0.0513,0.05,0.005
-0.19973,-0.0056459,0,0.013595,1,0.0514,0.0514,0.05,0.005
-0.19971,-0.0065334,0,0.01415,1,0.0515,0.0515,0.05,0.005
-0.1997,-0.0074208,0,0.014706,1,0.0516,0.0516,0.05,0.005
-0.19969,-0.0083082,0,0.015261,1,0.0517,0.0517,0.05,0.005
-0.19968,-0.0091956,0,0.015817,1,0.0518,0.0518,0.05,0.005
-0.19967,-0.010083,0,0.016372,1,0.0519,0.0519,0.05,0.005
-0.19966,-0.01097,0,0.016928,1,0.052,0.052,0.05,0.005
-0.19965,-0.011858,0,0.017483,1,0.0521,0.0521,0.05,0.005
-0.19964,-0.012745,0,0.018039,1,0.0522,0.0522,0.05,0.005
-0.19963,-0.013633,0,0.018594,1,0.0523,0.0523,0.05,0.005
-0.19962,-0.01452,0,0.01915,1,0.0524,0.0524,0.05,0.005
-0.19961,-0.015408,0,0.019705,1,0.0525,0.0525,0.05,0.005
-0.1996,-0.016295,0,0.020261,1,0.0526,0.0526,0.05,0.005
-0.19959,-0.017182,0,0.020816,1,0.0527,0.0527,0.05,0.005
-0.19958,-0.01807,0,0.021372,1,0.0528,0.0528,0.05,0.005
-0.19957,-0.018957,0,0.021928,1,0.0529,0.0529,0.05,0.005
-0.19956,-0.019845,0,0.022483,1,0.053,0.053,0.05,0.005
-0.19955,-0.020732,0,0.023039,1,0.0531,0.0531,0.05,0.005
-0.19954,-0.021619,0,0.023594,1,0.0532,0.0532,0.05,0.005
-0.19953,-0.022507,0,0.02415,1,0.0533,0.0533,0.05,0.005
-0.19952,-0.023394,0,0.024705,1,0.0534,0.0534,0.05,0.005
-0.19951,-0.024282,0,0.025261,1,0.0535,0.0535,0.05,0.005
-0.1995,-0.025169,0,0.025816,1,0.0536,0.0536,0.05,0.005
-0.19949,-0.026057,0,0.026372,1,0.0537,0.0537,0.05,0.005
-0.19948,-0.026944,0,0.026927,1,0.0538,0.0538,0.05,0.005
-0.19947,-0.027831,0,0.027483,1,0.0539,0.0539,0.05,0.005
-0.19946,-0.028719,0,0.028038,1,0.054,0.054,0.05,0.005
-0.19945,-0.029606,0,0.028594,1,0.0541,0.0541,0.05,0.005
-0.19944,-0.030494,0,0.029149,1,0.0542,0.0542,0.05,0.005
-0.19943,-0.031381,0,0.029705,1,0.0543,0.0543,0.05,0.005
-0.19942,-0.032268,0,0.030261,1,0.0544,0.0544,0.05,0.005
-0.19941,-0.033156,0,0.030816,1,0.0545,0.0545,0.05,0.005
-0.1994,-0.034043,0,0.031372,1,0.0546,0.0546,0.05,0.005
-0.19939,-0.034931,0,0.031927,1,0.0547,0.0547,0.05,0.005
-0.19938,-0.035818,0,0.032483,1,0.0548,0.0548,0.05,0.005
-0.19937,-0.036706,0,0.033038,1,0.0549,0.0549,0.05,0.005
-0.19936,-0.037593,0,0.033594,1,0.055,0.055,0.05,0.005
-0.19923,-0.03846,0,0.034165,1,0.0551,0.0551,0.05,0.005
-0.19911,-0.039327,0,0.034736,1,0.0552,0.0552,0.05,0.005
-0.19898,-0.040193,0,0.035307,1,0.0553,0.0553,0.05,0.005
-0.19885,-0.04106,0,0.035878,1,0.0554,0.0554,0.05,0.005
-0.19873,-0.041927,0,0.036449,1,0.0555,0.0555,0.05,0.005
-0.1986,-0.042794,0,0.03702,1,0.0556,0.0556,0.05,0.005
-0.19847,-0.043661,0,0.037591,1,0.0557,0.0557,0.05,0.005
-0.19835,-0.044528,0,0.038162,1,0.0558,0.0558,0.05,0.005
-0.19822,-0.045394,0,0.038733,1,0.0559,0.0559,0.05,0.005
-0.19809,-0.046261,0,0.039304,1,0.056,0.056,0.05,0.005
-0.19797,-0.047128,0,0.039875,1,0.0561,0.0561,0.05,0.005
-0.19784,-0.047995,0,0.040446,1,0.0562,0.0562,0.05,0.005
-0.19771,-0.048862,0,0.041017,1,0.0563,0.0563,0.05,0.005
-0.19759,-0.049728,0,0.041588,1,0.0564,0.0564,0.05,0.005
-0.19746,-0.050595,0,0.042159,1,0.0565,0.0565,0.05,0.005
-0.19733,-0.051462,0,0.04273,1,0.0566,0.0566,0.05,0.005
-0.19721,-0.052329,0,0.043301,1,0.0567,0.0567,0.05,0.005
-0.19708,-0.053196,0,0.043872,1,0.0568,0.0568,0.05,0.005
-0.19695,-0.054063,0,0.044443,1,0.0569,0.0569,0.05,0.005
-0.19683,-0.054929,0,0.045014,1,0.057,0.057,0.05,0.005
-0.1967,-0.055796,0,0.045585,1,0.0571,0.0571,0.05,0.005
-0.19657,-0.056663,0,0.046156,1,0.0572,0.0572,0.05,0.005
-0.19645,-0.05753,0,0.046727,1,0.0573,0.0573,0.05,0.005
-0.19632,-0.058397,0,0.047298,1,0.0574,0.0574,0.05,0.005
-0.19619,-0.059264,0,0.047869,1,0.0575,0.0575,0.05,0.005
-0.19607,-0.06013,0,0.04844,1,0.0576,0.0576,0.05,0.005
-0.19594,-0.060997,0,0.049011,1,0.0577,0.0577,0.05,0.005
-0.19582,-0.061864,0,0.049582,1,0.0578,0.0578,0.05,0.005
-0.19569,-0.062731,0,0.050153,1,0.0579,0.0579,0.05,0.005
-0.19556,-0.063598,0,0.050724,1,0.058,0.058,0.05,0.005
-0.19544,-0.064464,0,0.051295,1,0.0581,0.0581,0.05,0.005
-0.19531,-0.065331,0,0.051866,1,0.0582,0.0582,0.05,0.005
-0.19518,-0.066198,0,0.052437,1,0.0583,0.0583,0.05,0.005
-0.19506,-0.067065,0,0.053008,1,0.0584,0.0584,0.05,0.005
-0.19493,-0.067932,0,0.053579,1,0.0585,0.0585,0.05,0.005
-0.1948,-0.068799,0,0.05415,1,0.0586,0.0586,0.05,0.005
-0.19468,-0.069665,0,0.054721,1,0.0587,0.0587,0.05,0.005
-0.19455,-0.070532,0,0.055292,1,0.0588,0.0588,0.05,0.005
-0.19442,-0.071399,0,0.055863,1,0.0589,0.0589,0.05,0.005
-0.1943,-0.072266,0,0.056434,1,0.059,0.059,0.05,0.005
-0.19417,-0.073133,0,0.057005,1,0.0591,0.0591,0.05,0.005
-0.19404,-0.074,0,0.057576,1,0.0592,0.0592,0.05,0.005
-0.19392,-0.074866,0,0.058147,1,0.0593,0.0593,0.05,0.005
-0.19379,-0.075733,0,0.058718,1,0.0594,0.0594,0.05,0.005
-0.19366,-0.0766,0,0.059289,1,0.0595,0.0595,0.05,0.005
-0.19354,-0.077467,0,0.05986,1,0.0596,0.0596,0.05,0.005
-0.19341,-0.078334,0,0.060431,1,0.0597,0.0597,0.05,0.005
-0.19328,-0.0792,0,0.061002,1,0.0598,0.0598,0.05,0.005
-0.19316,-0.080067,0,0.061573,1,0.0599,0.0599,0.05,0.005
-0.19303,-0.080934,0,0.062144,1,0.06,0.06,0.05,0.005
-0.19278,-0.08173,0,0.062704,1,0.0601,0.0601,0.05,0.005
-0.19253,-0.082527,0,0.063265,1,0.0602,0.0602,0.05,0.005
-0.19228,-0.083323,0,0.063826,1,0.0603,0.0603,0.05,0.005
-0.19203,-0.084119,0,0.064387,1,0.0604,0.0604,0.05,0.005
-0.19178,-0.084916,0,0.064947,1,0.0605,0.0605,0.05,0.005
-0.19153,-0.085712,0,0.065508,1,0.0606,0.0606,0.05,0.005
-0.19127,-0.086508,0,0.066069,1,0.0607,0.0607,0.05,0.005
-0.19102,-0.087305,0,0.06663,1,0.0608,0.0608,0.05,0.005
-0.19077,-0.088101,0,0.06719,1,0.0609,0.0609,0.05,0.005
-0.19052,-0.088897,0,0.067751,1,0.061,0.061,0.05,0.005
-0.19027,-0.089694,0,0.068312,1,0.0611,0.0611,0.05,0.005
-0.19002,-0.09049,0,0.068873,1,0.0612,0.0612,0.05,0.005
-0.18977,-0.091286,0,0.069434,1,0.0613,0.0613,0.05,0.005
-0.18952,-0.092083,0,0.069994,1,0.0614,0.0614,0.05,0.005
-0.18927,-0.092879,0,0.070555,1,0.0615,0.0615,0.05,0.005
-0.18902,-0.093675,0,0.071116,1,0.0616,0.0616,0.05,0.005
-0.18877,-0.094472,0,0.071677,1,0.0617,0.0617,0.05,0.005
-0.18852,-0.095268,0,0.072237,1,0.0618,0.0618,0.05,0.005
-0.18826,-0.096064,0,0.072798,1,0.0619,0.0619,0.05,0.005
-0.18801,-0.096861,0,0.073359,1,0.062,0.062,0.05,0.005
-0.18776,-0.097657,0,0.07392,1,0.0621,0.0621,0.05,0.005
-0.18751,-0.098453,0,0.07448,1,0.0622,0.0622,0.05,0.005
-0.18726,-0.09925,0,0.075041,1,0.0623,0.0623,0.05,0.005
-0.18701,-0.10005,0,0.075602,1,0.0624,0.0624,0.05,0.005
-0.18676,-0.10084,0,0.076163,1,0.0625,0.0625,0.05,0.005
-0.18651,-0.10164,0,0.076723,1,0.0626,0.0626,0.05,0.005
-0.18626,-0.10244,0,0.077284,1,0.0627,0.0627,0.05,0.005
-0.18601,-0.10323,0,0.077845,1,0.0628,0.0628,0.05,0.005
-0.18576,-0.10403,0,0.078406,1,0.0629,0.0629,0.05,0.005
-0.18551,-0.10482,0,0.078966,1,0.063,0.063,0.05,0.005
-0.18525,-0.10562,0,0.079527,1,0.0631,0.0631,0.05,0.005
-0.185,-0.10642,0,0.080088,1,0.0632,0.0632,0.05,0.005
-0.18475,-0.10721,0,0.080649,1,0.0633,0.0633,0.05,0.005
-0.1845,-0.10801,0,0.081209,1,0.0634,0.0634,0.05,0.005
-0.18425,-0.10881,0,0.08177,1,0.0635,0.0635,0.05,0.005
-0.184,-0.1096,0,0.082331,1,0.0636,0.0636,0.05,0.005
-0.18375,-0.1104,0,0.082892,1,0.0637,0.0637,0.05,0.005
-0.1835,-0.11119,0,0.083452,1,0.0638,0.0638,0.05,0.005
-0.18325,-0.11199,0,0.084013,1,0.0639,0.0639,0.05,0.005
-0.183,-0.11279,0,0.084574,1,0.064,0.064,0.05,0.005
-0.18275,-0.11358,0,0.085135,1,0.0641,0.0641,0.05,0.005
-0.1825,-0.11438,0,0.085695,1,0.0642,0.0642,0.05,0.005
-0.18224,-0.11518,0,0.086256,1,0.0643,0.0643,0.05,0.005
-0.18199,-0.11597,0,0.086817,1,0.0644,0.0644,0.05,0.005
-0.18174,-0.11677,0,0.087378,1,0.0645,0.0645,0.05,0.005
-0.18149,-0.11757,0,0.087939,1,0.0646,0.0646,0.05,0.005
-0.18124,-0.11836,0,0.088499,1,0.0647,0.0647,0.05,0.005
-0.18099,-0.11916,0,0.08906,1,0.0648,0.0648,0.05,0.005
-0.18074,-0.11995,0,0.089621,1,0.0649,0.0649,0.05,0.005
-0.18049,-0.12075,0,0.090182,1,0.065,0.065,0.05,0.005
-0.18011,-0.12141,0,0.090697,1,0.0651,0.0651,0.05,0.005
-0.17973,-0.12208,0,0.091212,1,0.0652,0.0652,0.05,0.005
-0.17934,-0.12274,0,0.091728,1,0.0653,0.0653,0.05,0.005
-0.17896,-0.1234,0,0.092243,1,0.0654,0.0654,0.05,0.005
-0.17858,-0.12407,0,0.092758,1,0.0655,0.0655,0.05,0.005
-0.1782,-0.12473,0,0.093274,1,0.0656,0.0656,0.05,0.005
-0.17782,-0.1254,0,0.093789,1,0.0657,0.0657,0.05,0.005
-0.17744,-0.12606,0,0.094304,1,0.0658,0.0658,0.05,0.005
-0.17706,-0.12672,0,0.09482,1,0.0659,0.0659,0.05,0.005
-0.17667,-0.12739,0,0.095335,1,0.066,0.066,0.05,0.005
-0.17629,-0.12805,0,0.09585,1,0.0661,0.0661,0.05,0.005
-0.17591,-0.12871,0,0.096366,1,0.0662,0.0662,0.05,0.005
-0.17553,-0.12938,0,0.096881,1,0.0663,0.0663,0.05,0.005
-0.17515,-0.13004,0,0.097396,1,0.0664,0.0664,0.05,0.005
-0.17477,-0.1307,0,0.097912,1,0.0665,0.0665,0.05,0.005
-0.17439,-0.13137,0,0.098427,1,0.0666,0.0666,0.05,0.005
-0.174,-0.13203,0,0.098942,1,0.0667,0.0667,0.05,0.005
-0.17362,-0.13269,0,0.099458,1,0.0668,0.0668,0.05,0.005
-0.17324,-0.13336,0,0.099973,1,0.0669,0.0669,0.05,0.005
-0.17286,-0.13402,0,0.10049,1,0.067,0.067,0.05,0.005
-0.17248,-0.13468,0,0.101,1,0.0671,0.0671,0.05,0.005
-0.1721,-0.13535,0,0.10152,1,0.0672,0.0672,0.05,0.005
-0.17172,-0.13601,0,0.10203,1,0.0673,0.0673,0.05,0.005
-0.17133,-0.13668,0,0.10255,1,0.0674,0.0674,0.05,0.005
-0.17095,-0.13734,0,0.10307,1,0.0675,0.0675,0.05,0.005
-0.17057,-0.138,0,0.10358,1,0.0676,0.0676,0.05,0.005
-0.17019,-0.13867,0,0.1041,1,0.0677,0.0677,0.05,0.005
-0.16981,-0.13933,0,0.10461,1,0.0678,0.0678,0.05,0.005
-0.16943,-0.13999,0,0.10513,1,0.0679,0.0679,0.05,0.005
-0.16904,-0.14066,0,0.10564,1,0.068,0.068,0.05,0.005
-0.16866,-0.14132,0,0.10616,1,0.0681,0.0681,0.05,0.005
-0.16828,-0.14198,0,0.10667,1,0.0682,0.0682,0.05,0.005
-0.1679,-0.14265,0,0.10719,1,0.0683,0.0683,0.05,0.005
-0.16752,-0.14331,0,0.1077,1,0.0684,0.0684,0.05,0.005
-0.16714,-0.14397,0,0.10822,1,0.0685,0.0685,0.05,0.005
-0.16676,-0.14464,0,0.10873,1,0.0686,0.0686,0.05,0.005
-0.16637,-0.1453,0,0.10925,1,0.0687,0.0687,0.05,0.005
-0.16599,-0.14597,0,0.10976,1,0.0688,0.0688,0.05,0.005
-0.16561,-0.14663,0,0.11028,1,0.0689,0.0689,0.05,0.005
-0.16523,-0.14729,0,0.1108,1,0.069,0.069,0.05,0.005
-0.16485,-0.14796,0,0.11131,1,0.0691,0.0691,0.05,0.005
-0.16447,-0.14862,0,0.11183,1,0.0692,0.0692,0.05,0.005
-0.16409,-0.14928,0,0.11234,1,0.0693,0.0693,0.05,0.005
-0.1637,-0.14995,0,0.11286,1,0.0694,0.0694,0.05,0.005
-0.16332,-0.15061,0,0.11337,1,0.0695,0.0695,0.05,0.005
-0.16294,-0.15127,0,0.11389,1,0.0696,0.0696,0.05,0.005
-0.16256,-0.15194,0,0.1144,1,0.0697,0.0697,0.05,0.005
-0.16218,-0.1526,0,0.11492,1,0.0698,0.0698,0.05,0.005
-0.1618,-0.15326,0,0.11543,1,0.0699,0.0699,0.05,0.005
-0.16142,-0.15393,0,0.11595,1,0.07,0.07,0.05,0.005
-0.16091,-0.15438,0,0.11637,1,0.0701,0.0701,0.05,0.005
-0.16039,-0.15484,0,0.1168,1,0.0702,0.0702,0.05,0.005
-0.15988,-0.15529,0,0.11722,1,0.0703,0.0703,0.05,0.005
-0.15937,-0.15574,0,0.11765,1,0.0704,0.0704,0.05,0.005
-0.15886,-0.1562,0,0.11807,1,0.0705,0.0705,0.05,0.005
-0.15835,-0.15665,0,0.1185,1,0.0706,0.0706,0.05,0.005
-0.15784,-0.15711,0,0.11892,1,0.0707,0.0707,0.05,0.005
-0.15733,-0.15756,0,0.11935,1,0.0708,0.0708,0.05,0.005
-0.15682,-0.15802,0,0.11977,1,0.0709,0.0709,0.05,0.005
-0.15631,-0.15847,0,0.1202,1,0.071,0.071,0.05,0.005
-0.1558,-0.15892,0,0.12062,1,0.0711,0.0711,0.05,0.005
-0.15529,-0.15938,0,0.12105,1,0.0712,0.0712,0.05,0.005
-0.15478,-0.15983,0,0.12147,1,0.0713,0.0713,0.05,0.005
-0.15427,-0.16029,0,0.12189,1,0.0714,0.0714,0.05,0.005
-0.15376,-0.16074,0,0.12232,1,0.0715,0.0715,0.05,0.005
-0.15325,-0.1612,0,0.12274,1,0.0716,0.0716,0.05,0.005
-0.15274,-0.16165,0,0.12317,1,0.0717,0.0717,0.05,0.005
-0.15223,-0.1621,0,0.12359,1,0.0718,0.0718,0.05,0.005
-0.15172,-0.16256,0,0.12402,1,0.0719,0.0719,0.05,0.005
-0.15121,-0.16301,0,0.12444,1,0.072,0.072,0.05,0.005
-0.15069,-0.16347,0,0.12487,1,0.0721,0.0721,0.05,0.005
-0.15018,-0.16392,0,0.12529,1,0.0722,0.0722,0.05,0.005
-0.14967,-0.16437,0,0.12572,1,0.0723,0.0723,0.05,0.005
-0.14916,-0.16483,0,0.12614,1,0.0724,0.0724,0.05,0.005
-0.14865,-0.16528,0,0.12657,1,0.0725,0.0725,0.05,0.005
-0.14814,-0.16574,0,0.12699,1,0.0726,0.0726,0.05,0.005
-0.14763,-0.16619,0,0.12742,1,0.0727,0.0727,0.05,0.005
-0.14712,-0.16665,0,0.12784,1,0.0728,0.0728,0.05,0.005
-0.14661,-0.1671,0,0.12827,1,0.0729,0.0729,0.05,0.005
-0.1461,-0.16755,0,0.12869,1,0.073,0.073,0.05,0.005
-0.14559,-0.16801,0,0.12912,1,0.0731,0.0731,0.05,0.005
-0.14508,-0.16846,0,0.12954,1,0.0732,0.0732,0.05,0.005
-0.14457,-0.16892,0,0.12996,1,0.0733,0.0733,0.05,0.005
-0.14406,-0.16937,0,0.13039,1,0.0734,0.0734,0.05,0.005
-0.14355,-0.16983,0,0.13081,1,0.0735,0.0735,0.05,0.005
-0.14304,-0.17028,0,0.13124,1,0.0736,0.0736,0.05,0.005
-0.14253,-0.17073,0,0.13166,1,0.0737,0.0737,0.05,0.005
-0.14202,-0.17119,0,0.13209,1,0.0738,0.0738,0.05,0.005
-0.14151,-0.17164,0,0.13251,1,0.0739,0.0739,0.05,0.005
-0.14099,-0.1721,0,0.13294,1,0.074,0.074,0.05,0.005
-0.14048,-0.17255,0,0.13336,1,0.0741,0.0741,0.05,0.005
-0.13997,-0.173,0,0.13379,1,0.0742,0.0742,0.05,0.005
-0.13946,-0.17346,0,0.13421,1,0.0743,0.0743,0.05,0.005
-0.13895,-0.17391,0,0.13464,1,0.0744,0.0744,0.05,0.005
-0.13844,-0.17437,0,0.13506,1,0.0745,0.0745,0.05,0.005
-0.13793,-0.17482,0,0.13549,1,0.0746,0.0746,0.05,0.005
-0.13742,-0.17528,0,0.13591,1,0.0747,0.0747,0.05,0.005
-0.13691,-0.17573,0,0.13634,1,0.0748,0.0748,0.05,0.005
-0.1364,-0.17618,0,0.13676,1,0.0749,0.0749,0.05,0.005
-0.13589,-0.17664,0,0.13719,1,0.075,0.075,0.05,0.005
-0.13527,-0.1768,0,0.13747,1,0.0751,0.0751,0.05,0.005
-0.13465,-0.17695,0,0.13775,1,0.0752,0.0752,0.05,0.005
-0.13402,-0.17711,0,0.13804,1,0.0753,0.0753,0.05,0.005
-0.1334,-0.17727,0,0.13832,1,0.0754,0.0754,0.05,0.005
-0.13278,-0.17742,0,0.1386,1,0.0755,0.0755,0.05,0.005
-0.13216,-0.17758,0,0.13889,1,0.0756,0.0756,0.05,0.005
-0.13154,-0.17774,0,0.13917,1,0.0757,0.0757,0.05,0.005
-0.13092,-0.17789,0,0.13945,1,0.0758,0.0758,0.05,0.005
-0.13029,-0.17805,0,0.13974,1,0.0759,0.0759,0.05,0.005
-0.12967,-0.17821,0,0.14002,1,0.076,0.076,0.05,0.005
-0.12905,-0.17837,0,0.1403,1,0.0761,0.0761,0.05,0.005
-0.12843,-0.17852,0,0.14059,1,0.0762,0.0762,0.05,0.005
-0.12781,-0.17868,0,0.14087,1,0.0763,0.0763,0.05,0.005
-0.12719,-0.17884,0,0.14115,1,0.0764,0.0764,0.05,0.005
-0.12656,-0.17899,0,0.14144,1,0.0765,0.0765,0.05,0.005
-0.12594,-0.17915,0,0.14172,1,0.0766,0.0766,0.05,0.005
-0.12532,-0.17931,0,0.142,1,0.0767,0.0767,0.05,0.005
-0.1247,-0.17946,0,0.14229,1,0.0768,0.0768,0.05,0.005
-0.12408,-0.17962,0,0.14257,1,0.0769,0.0769,0.05,0.005
-0.12345,-0.17978,0,0.14285,1,0.077,0.077,0.05,0.005
-0.12283,-0.17993,0,0.14314,1,0.0771,0.0771,0.05,0.005
-0.12221,-0.18009,0,0.14342,1,0.0772,0.0772,0.05,0.005
-0.12159,-0.18025,0,0.14371,1,0.0773,0.0773,0.05,0.005
-0.12097,-0.18041,0,0.14399,1,0.0774,0.0774,0.05,0.005
-0.12035,-0.18056,0,0.14427,1,0.0775,0.0775,0.05,0.005
-0.11972,-0.18072,0,0.14456,1,0.0776,0.0776,0.05,0.005
-0.1191,-0.18088,0,0.14484,1,0.0777,0.0777,0.05,0.005
-0.11848,-0.18103,0,0.14512,1,0.0778,0.0778,0.05,0.005
-0.11786,-0.18119,0,0.14541,1,0.0779,0.0779,0.05,0.005
-0.11724,-0.18135,0,0.14569,1,0.078,0.078,0.05,0.005
-0.11662,-0.1815,0,0.14597,1,0.0781,0.0781,0.05,0.005
-0.11599,-0.18166,0,0.14626,1,0.0782,0.0782,0.05,0.005
-0.11537,-0.18182,0,0.14654,1,0.0783,0.0783,0.05,0.005
-0.11475,-0.18197,0,0.14682,1,0.0784,0.0784,0.05,0.005
-0.11413,-0.18213,0,0.14711,1,0.0785,0.0785,0.05,0.005
-0.11351,-0.18229,0,0.14739,1,0.0786,0.0786,0.05,0.005
-0.11288,-0.18245,0,0.14767,1,0.0787,0.0787,0.05,0.005
-0.11226,-0.1826,0,0.14796,1,0.0788,0.0788,0.05,0.005
-0.11164,-0.18276,0,0.14824,1,0.0789,0.0789,0.05,0.005
-0.11102,-0.18292,0,0.14852,1,0.079,0.079,0.05,0.005
-0.1104,-0.18307,0,0.14881,1,0.0791,0.0791,0.05,0.005
-0.10978,-0.18323,0,0.14909,1,0.0792,0.0792,0.05,0.005
-0.10915,-0.18339,0,0.14937,1,0.0793,0.0793,0.05,0.005
-0.10853,-0.18354,0,0.14966,1,0.0794,0.0794,0.05,0.005
-0.10791,-0.1837,0,0.14994,1,0.0795,0.0795,0.05,0.005
-0.10729,-0.18386,0,0.15023,1,0.0796,0.0796,0.05,0.005
-0.10667,-0.18401,0,0.15051,1,0.0797,0.0797,0.05,0.005
-0.10605,-0.18417,0,0.15079,1,0.0798,0.0798,0.05,0.005
-0.10542,-0.18433,0,0.15108,1,0.0799,0.0799,0.05,0.005
-0.1048,-0.18449,0,0.15136,1,0.08,0.08,0.05,0.005
-0.10411,-0.18426,0,0.15145,1,0.0801,0.0801,0.05,0.005
-0.10342,-0.18403,0,0.15154,1,0.0802,0.0802,0.05,0.005
-0.10274,-0.1838,0,0.15163,1,0.0803,0.0803,0.05,0.005
-0.10205,-0.18357,0,0.15172,1,0.0804,0.0804,0.05,0.005
-0.10136,-0.18334,0,0.15181,1,0.0805,0.0805,0.05,0.005
-0.10067,-0.18311,0,0.1519,1,0.0806,0.0806,0.05,0.005
-0.099981,-0.18288,0,0.15198,1,0.0807,0.0807,0.05,0.005
-0.099292,-0.18265,0,0.15207,1,0.0808,0.0808,0.05,0.005
-0.098603,-0.18242,0,0.15216,1,0.0809,0.0809,0.05,0.005
-0.097915,-0.18219,0,0.15225,1,0.081,0.081,0.05,0.005
-0.097226,-0.18196,0,0.15234,1,0.0811,0.0811,0.05,0.005
-0.096537,-0.18173,0,0.15243,1,0.0812,0.0812,0.05,0.005
-0.095848,-0.18149,0,0.15252,1,0.0813,0.0813,0.05,0.005
-0.09516,-0.18126,0,0.15261,1,0.0814,0.0814,0.05,0.005
-0.094471,-0.18103,0,0.1527,1,0.0815,0.0815,0.05,0.005
-0.093782,-0.1808,0,0.15279,1,0.0816,0.0816,0.05,0.005
-0.093093,-0.18057,0,0.15288,1,0.0817,0.0817,0.05,0.005
-0.092405,-0.18034,0,0.15297,1,0.0818,0.0818,0.05,0.005
-0.091716,-0.18011,0,0.15306,1,0.0819,0.0819,0.05,0.005
-0.091027,-0.17988,0,0.15315,1,0.082,0.082,0.05,0.005
-0.090338,-0.17965,0,0.15324,1,0.0821,0.0821,0.05,0.005
-0.08965,-0.17942,0,0.15333,1,0.0822,0.0822,0.05,0.005
-0.088961,-0.17919,0,0.15342,1,0.0823,0.0823,0.05,0.005
-0.088272,-0.17896,0,0.15351,1,0.0824,0.0824,0.05,0.005
-0.087583,-0.17873,0,0.15359,1,0.0825,0.0825,0.05,0.005
-0.086895,-0.1785,0,0.15368,1,0.0826,0.0826,0.05,0.005
-0.086206,-0.17827,0,0.15377,1,0.0827,0.0827,0.05,0.005
-0.085517,-0.17804,0,0.15386,1,0.0828,0.0828,0.05,0.005
-0.084828,-0.17781,0,0.15395,1,0.0829,0.0829,0.05,0.005
-0.08414,-0.17758,0,0.15404,1,0.083,0.083,0.05,0.005
-0.083451,-0.17735,0,0.15413,1,0.0831,0.0831,0.05,0.005
-0.082762,-0.17712,0,0.15422,1,0.0832,0.0832,0.05,0.005
-0.082073,-0.17689,0,0.15431,1,0.0833,0.0833,0.05,0.005
-0.081385,-0.17666,0,0.1544,1,0.0834,0.0834,0.05,0.005
-0.080696,-0.17643,0,0.15449,1,0.0835,0.0835,0.05,0.005
-0.080007,-0.1762,0,0.15458,1,0.0836,0.0836,0.05,0.005
-0.079318,-0.17597,0,0.15467,1,0.0837,0.0837,0.05,0.005
-0.07863,-0.17574,0,0.15476,1,0.0838,0.0838,0.05,0.005
-0.077941,-0.17551,0,0.15485,1,0.0839,0.0839,0.05,0.005
-0.077252,-0.17528,0,0.15494,1,0.084,0.084,0.05,0.005
-0.076563,-0.17505,0,0.15503,1,0.0841,0.0841,0.05,0.005
-0.075875,-0.17482,0,0.15511,1,0.0842,0.0842,0.05,0.005
-0.075186,-0.17459,0,0.1552,1,0.0843,0.0843,0.05,0.005
-0.074497,-0.17436,0,0.15529,1,0.0844,0.0844,0.05,0.005
-0.073808,-0.17413,0,0.15538,1,0.0845,0.0845,0.05,0.005
-0.07312,-0.1739,0,0.15547,1,0.0846,0.0846,0.05,0.005
-0.072431,-0.17367,0,0.15556,1,0.0847,0.0847,0.05,0.005
-0.071742,-0.17344,0,0.15565,1,0.0848,0.0848,0.05,0.005
-0.071054,-0.17321,0,0.15574,1,0.0849,0.0849,0.05,0.005
-0.070365,-0.17298,0,0.15583,1,0.085,0.085,0.05,0.005
-0.069699,-0.17229,0,0.15564,1,0.0851,0.0851,0.05,0.005
-0.069034,-0.1716,0,0.15544,1,0.0852,0.0852,0.05,0.005
-0.068369,-0.17092,0,0.15525,1,0.0853,0.0853,0.05,0.005
-0.067703,-0.17023,0,0.15505,1,0.0854,0.0854,0.05,0.005
-0.067038,-0.16954,0,0.15486,1,0.0855,0.0855,0.05,0.005
-0.066372,-0.16885,0,0.15467,1,0.0856,0.0856,0.05,0.005
-0.065707,-0.16816,0,0.15447,1,0.0857,0.0857,0.05,0.005
-0.065042,-0.16747,0,0.15428,1,0.0858,0.0858,0.05,0.005
-0.064376,-0.16678,0,0.15409,1,0.0859,0.0859,0.05,0.005
-0.063711,-0.16609,0,0.15389,1,0.086,0.086,0.05,0.005
-0.063045,-0.1654,0,0.1537,1,0.0861,0.0861,0.05,0.005
-0.06238,-0.16471,0,0.1535,1,0.0862,0.0862,0.05,0.005
-0.061714,-0.16402,0,0.15331,1,0.0863,0.0863,0.05,0.005
-0.061049,-0.16333,0,0.15312,1,0.0864,0.0864,0.05,0.005
-0.060384,-0.16264,0,0.15292,1,0.0865,0.0865,0.05,0.005
-0.059718,-0.16195,0,0.15273,1,0.0866,0.0866,0.05,0.005
-0.059053,-0.16126,0,0.15254,1,0.0867,0.0867,0.05,0.005
-0.058387,-0.16057,0,0.15234,1,0.0868,0.0868,0.05,0.005
-0.057722,-0.15988,0,0.15215,1,0.0869,0.0869,0.05,0.005
-0.057057,-0.15919,0,0.15195,1,0.087,0.087,0.05,0.005
-0.056391,-0.1585,0,0.15176,1,0.0871,0.0871,0.05,0.005
-0.055726,-0.15781,0,0.15157,1,0.0872,0.0872,0.05,0.005
-0.05506,-0.15713,0,0.15137,1,0.0873,0.0873,0.05,0.005
-0.054395,-0.15644,0,0.15118,1,0.0874,0.0874,0.05,0.005
-0.05373,-0.15575,0,0.15099,1,0.0875,0.0875,0.05,0.005
-0.053064,-0.15506,0,0.15079,1,0.0876,0.0876,0.05,0.005
-0.052399,-0.15437,0,0.1506,1,0.0877,0.0877,0.05,0.005
-0.051733,-0.15368,0,0.1504,1,0.0878,0.0878,0.05,0.005
-0.051068,-0.15299,0,0.15021,1,0.0879,0.0879,0.05,0.005
-0.050403,-0.1523,0,0.15002,1,0.088,0.088,0.05,0.005
-0.049737,-0.15161,0,0.14982,1,0.0881,0.0881,0.05,0.005
-0.049072,-0.15092,0,0.14963,1,0.0882,0.0882,0.05,0.005
-0.048406,-0.15023,0,0.14944,1,0.0883,0.0883,0.05,0.005
-0.047741,-0.14954,0,0.14924,1,0.0884,0.0884,0.05,0.005
-0.047076,-0.14885,0,0.14905,1,0.0885,0.0885,0.05,0.005
-0.04641,-0.14816,0,0.14885,1,0.0886,0.0886,0.05,0.005
-0.045745,-0.14747,0,0.14866,1,0.0887,0.0887,0.05,0.005
-0.045079,-0.14678,0,0.14847,1,0.0888,0.0888,0.05,0.005
-0.044414,-0.14609,0,0.14827,1,0.0889,0.0889,0.05,0.005
-0.043748,-0.1454,0,0.14808,1,0.089,0.089,0.05,0.005
-0.043083,-0.14471,0,0.14789,1,0.0891,0.0891,0.05,0.005
-0.042418,-0.14403,0,0.14769,1,0.0892,0.0892,0.05,0.005
-0.041752,-0.14334,0,0.1475,1,0.0893,0.0893,0.05,0.005
-0.041087,-0.14265,0,0.1473,1,0.0894,0.0894,0.05,0.005
-0.040421,-0.14196,0,0.14711,1,0.0895,0.0895,0.05,0.005
-0.039756,-0.14127,0,0.14692,1,0.0896,0.0896,0.05,0.005
-0.039091,-0.14058,0,0.14672,1,0.0897,0.0897,0.05,0.005
-0.038425,-0.13989,0,0.14653,1,0.0898,0.0898,0.05,0.005
-0.03776,-0.1392,0,0.14634,1,0.0899,0.0899,0.05,0.005
-0.037094,-0.13851,0,0.14614,1,0.09,0.09,0.05,0.005
-0.036607,-0.13734,0,0.14557,1,0.0901,0.0901,0.05,0.005
-0.03612,-0.13616,0,0.14499,1,0.0902,0.0902,0.05,0.005
-0.035633,-0.13499,0,0.14442,1,0.0903,0.0903,0.05,0.005
-0.035146,-0.13382,0,0.14384,1,0.0904,0.0904,0.05,0.005
-0.034659,-0.13265,0,0.14326,1,0.0905,0.0905,0.05,0.005
-0.034172,-0.13147,0,0.14269,1,0.0906,0.0906,0.05,0.005
-0.033685,-0.1303,0,0.14211,1,0.0907,0.0907,0.05,0.005
-0.033198,-0.12913,0,0.14154,1,0.0908,0.0908,0.05,0.005
-0.032711,-0.12795,0,0.14096,1,0.0909,0.0909,0.05,0.005
-0.032224,-0.12678,0,0.14039,1,0.091,0.091,0.05,0.005
-0.031737,-0.12561,0,0.13981,1,0.0911,0.0911,0.05,0.005
-0.03125,-0.12444,0,0.13924,1,0.0912,0.0912,0.05,0.005
-0.030763,-0.12326,0,0.13866,1,0.0913,0.0913,0.05,0.005
-0.030276,-0.12209,0,0.13809,1,0.0914,0.0914,0.05,0.005
-0.029789,-0.12092,0,0.13751,1,0.0915,0.0915,0.05,0.005
-0.029302,-0.11975,0,0.13693,1,0.0916,0.0916,0.05,0.005
-0.028815,-0.11857,0,0.13636,1,0.0917,0.0917,0.05,0.005
-0.028328,-0.1174,0,0.13578,1,0.0918,0.0918,0.05,0.005
-0.027841,-0.11623,0,0.13521,1,0.0919,0.0919,0.05,0.005
-0.027354,-0.11505,0,0.13463,1,0.092,0.092,0.05,0.005
-0.026867,-0.11388,0,0.13406,1,0.0921,0.0921,0.05,0.005
-0.02638,-0.11271,0,0.13348,1,0.0922,0.0922,0.05,0.005
-0.025893,-0.11154,0,0.13291,1,0.0923,0.0923,0.05,0.005
-0.025406,-0.11036,0,0.13233,1,0.0924,0.0924,0.05,0.005
-0.024919,-0.10919,0,0.13176,1,0.0925,0.0925,0.05,0.005
-0.024432,-0.10802,0,0.13118,1,0.0926,0.0926,0.05,0.005
-0.023945,-0.10685,0,0.1306,1,0.0927,0.0927,0.05,0.005
-0.023458,-0.10567,0,0.13003,1,0.0928,0.0928,0.05,0.005
-0.022971,-0.1045,0,0.12945,1,0.0929,0.0929,0.05,0.005
-0.022484,-0.10333,0,0.12888,1,0.093,0.093,0.05,0.005
-0.021997,-0.10215,0,0.1283,1,0.0931,0.0931,0.05,0.005
-0.02151,-0.10098,0,0.12773,1,0.0932,0.0932,0.05,0.005
-0.021023,-0.099809,0,0.12715,1,0.0933,0.0933,0.05,0.005
-0.020536,-0.098636,0,0.12658,1,0.0934,0.0934,0.05,0.005
-0.020049,-0.097463,0,0.126,1,0.0935,0.0935,0.05,0.005
-0.019562,-0.09629,0,0.12543,1,0.0936,0.0936,0.05,0.005
-0.019075,-0.095118,0,0.12485,1,0.0937,0.0937,0.05,0.005
-0.018588,-0.093945,0,0.12427,1,0.0938,0.0938,0.05,0.005
-0.018101,-0.092772,0,0.1237,1,0.0939,0.0939,0.05,0.005
-0.017614,-0.091599,0,0.12312,1,0.094,0.094,0.05,0.005
-0.017127,-0.090427,0,0.12255,1,0.0941,0.0941,0.05,0.005
-0.01664,-0.089254,0,0.12197,1,0.0942,0.0942,0.05,0.005
-0.016153,-0.088081,0,0.1214,1,0.0943,0.0943,0.05,0.005
-0.015666,-0.086908,0,0.12082,1,0.0944,0.0944,0.05,0.005
-0.015179,-0.085736,0,0.12025,1,0.0945,0.0945,0.05,0.005
-0.014692,-0.084563,0,0.11967,1,0.0946,0.0946,0.05,0.005
-0.014205,-0.08339,0,0.1191,1,0.0947,0.0947,0.05,0.005
-0.013718,-0.082217,0,0.11852,1,0.0948,0.0948,0.05,0.005
-0.013231,-0.081045,0,0.11794,1,0.0949,0.0949,0.05,0.005
-0.012744,-0.079872,0,0.11737,1,0.095,0.095,0.05,0.005
-0.01249,-0.078274,0,0.11698,1,0.0951,0.0951,0.05,0.005
-0.012235,-0.076677,0,0.11658,1,0.0952,0.0952,0.05,0.005
-0.01198,-0.07508,0,0.11619,1,0.0953,0.0953,0.05,0.005
-0.011725,-0.073482,0,0.1158,1,0.0954,0.0954,0.05,0.005
-0.01147,-0.071885,0,0.11541,1,0.0955,0.0955,0.05,0.005
-0.011215,-0.070287,0,0.11502,1,0.0956,0.0956,0.05,0.005
-0.01096,-0.06869,0,0.11462,1,0.0957,0.0957,0.05,0.005
-0.010705,-0.067092,0,0.11423,1,0.0958,0.0958,0.05,0.005
-0.01045,-0.065495,0,0.11384,1,0.0959,0.0959,0.05,0.005
-0.010196,-0.063898,0,0.11345,1,0.096,0.096,0.05,0.005
-0.0099406,-0.0623,0,0.11305,1,0.0961,0.0961,0.05,0.005
-0.0096858,-0.060703,0,0.11266,1,0.0962,0.0962,0.05,0.005
-0.0094309,-0.059105,0,0.11227,1,0.0963,0.0963,0.05,0.005
-0.009176,-0.057508,0,0.11188,1,0.0964,0.0964,0.05,0.005
-0.0089211,-0.05591,0,0.11148,1,0.0965,0.0965,0.05,0.005
-0.0086662,-0.054313,0,0.11109,1,0.0966,0.0966,0.05,0.005
-0.0084113,-0.052715,0,0.1107,1,0.0967,0.0967,0.05,0.005
-0.0081564,-0.051118,0,0.11031,1,0.0968,0.0968,0.05,0.005
-0.0079015,-0.049521,0,0.10992,1,0.0969,0.0969,0.05,0.005
-0.0076466,-0.047923,0,0.10952,1,0.097,0.097,0.05,0.005
-0.0073918,-0.046326,0,0.10913,1,0.0971,0.0971,0.05,0.005
-0.0071369,-0.044728,0,0.10874,1,0.0972,0.0972,0.05,0.005
-0.006882,-0.043131,0,0.10835,1,0.0973,0.0973,0.05,0.005
-0.0066271,-0.041533,0,0.10795,1,0.0974,0.0974,0.05,0.005
-0.0063722,-0.039936,0,0.10756,1,0.0975,0.0975,0.05,0.005
-0.0061173,-0.038339,0,0.10717,1,0.0976,0.0976,0.05,0.005
-0.0058624,-0.036741,0,0.10678,1,0.0977,0.0977,0.05,0.005
-0.0056075,-0.035144,0,0.10638,1,0.0978,0.0978,0.05,0.005
-0.0053526,-0.033546,0,0.10599,1,0.0979,0.0979,0.05,0.005
-0.0050978,-0.031949,0,0.1056,1,0.098,0.098,0.05,0.005
-0.0048429,-0.030351,0,0.10521,1,0.0981,0.0981,0.05,0.005
-0.004588,-0.028754,0,0.10482,1,0.0982,0.0982,0.05,0.005
-0.0043331,-0.027156,0,0.10442,1,0.0983,0.0983,0.05,0.005
-0.0040782,-0.025559,0,0.10403,1,0.0984,0.0984,0.05,0.005
-0.0038233,-0.023962,0,0.10364,1,0.0985,0.0985,0.05,0.005
-0.0035684,-0.022364,0,0.10325,1,0.0986,0.0986,0.05,0.005
-0.0033135,-0.020767,0,0.10285,1,0.0987,0.0987,0.05,0.005
-0.0030586,-0.019169,0,0.10246,1,0.0988,0.0988,0.05,0.005
-0.0028038,-0.017572,0,0.10207,1,0.0989,0.0989,0.05,0.005
-0.0025489,-0.015974,0,0.10168,1,0.099,0.099,0.05,0.005
-0.002294,-0.014377,0,0.10129,1,0.0991,0.0991,0.05,0.005
-0.0020391,-0.012779,0,0.10089,1,0.0992,0.0992,0.05,0.005
-0.0017842,-0.011182,0,0.1005,1,0.0993,0.0993,0.05,0.005
-0.0015293,-0.0095847,0,0.10011,1,0.0994,0.0994,0.05,0.005
-0.0012744,-0.0079872,0,0.099716,1,0.0995,0.0995,0.05,0.005
-0.0010195,-0.0063897,0,0.099324,1,0.0996,0.0996,0.05,0.005
-0.00076468,-0.0047924,0,0.098931,1,0.0997,0.0997,0.05,0.005
-0.00050978,-0.0031949,0,0.098539,1,0.0998,0.0998,0.05,0.005
-0.00025489,-0.0015975,0,0.098147,1,0.0999,0.0999,0.05,0.005
0,0,0,0.097754,1,0.1,0.1,0.05,0.005
